,index,Unnamed: 0,Year,Round,Region Number,Region Name,SeedA,ScoreA,TeamA,TeamB,ScoreB,SeedB
0,1,1,2002,1,1,South,1,84,Duke,Winthrop,37,16
1,2,2,2002,1,1,South,2,86,Alabama,Florida Atlantic,78,15
2,3,3,2002,1,1,South,3,71,Pittsburgh,Central Connecticut St,54,14
3,5,5,2002,1,1,South,5,75,Indiana,Utah,56,12
4,9,9,2002,1,2,West,1,90,Cincinnati,Boston University,52,16
5,10,10,2002,1,2,West,2,71,Oklahoma,Illinois Chicago,63,15
6,11,11,2002,1,2,West,3,86,Arizona,Santa Barbara,81,14
7,12,12,2002,1,2,West,4,69,Ohio St,Davidson,64,13
8,17,17,2002,1,3,East,1,85,Maryland,Siena,70,16
9,18,18,2002,1,3,East,2,78,Connecticut,Hampton,67,15
10,19,19,2002,1,3,East,3,85,Georgia,Murray St,68,14
11,20,20,2002,1,3,East,4,83,Kentucky,Valparaiso,68,13
12,25,25,2002,1,4,Midwest,1,70,Kansas,Holy Cross,59,16
13,26,26,2002,1,4,Midwest,2,81,Oregon,Montana,62,15
14,27,27,2002,1,4,Midwest,3,70,Mississippi St,McNeese St,58,14
15,28,28,2002,1,4,Midwest,4,93,Illinois,San Diego St,64,13
16,33,33,2002,2,1,South,1,84,Duke,Notre Dame,77,8
17,36,36,2002,2,1,South,5,76,Indiana,UNC Wilmington,67,13
18,39,39,2002,2,2,West,3,68,Arizona,Wyoming,60,11
19,41,41,2002,2,3,East,1,87,Maryland,Wisconsin,57,8
20,44,44,2002,2,3,East,4,87,Kentucky,Tulsa,82,12
21,45,45,2002,2,4,Midwest,1,86,Kansas,Stanford,63,8
22,48,48,2002,2,4,Midwest,4,72,Illinois,Creighton,60,12
23,54,54,2002,3,3,East,2,71,Connecticut,Southern Illinois,59,11
24,58,58,2002,4,2,West,2,81,Oklahoma,Missouri,75,12
25,65,65,2003,1,1,Midwest,1,95,Kentucky,IUPUI,64,16
26,66,66,2003,1,1,Midwest,2,87,Pittsburgh,Wagner,61,15
27,67,67,2003,1,1,Midwest,3,72,Marquette,Holy Cross,68,14
28,69,69,2003,1,1,Midwest,5,81,Wisconsin,Weber St,74,12
29,73,73,2003,1,2,West,1,80,Arizona,Vermont,51,16
30,74,74,2003,1,2,West,2,64,Kansas,Utah St,61,15
31,75,75,2003,1,2,West,3,67,Duke,Colorado St,57,14
32,76,76,2003,1,2,West,4,65,Illinois,Western Kentucky,60,13
33,77,77,2003,1,2,West,5,70,Notre Dame,Wisconsin Milwaukee,69,12
34,81,81,2003,1,3,South,1,82,Texas,UNC Asheville,61,16
35,82,82,2003,1,3,South,2,85,Florida,Sam Houston St,55,15
36,83,83,2003,1,3,South,3,71,Xavier,Troy,59,14
37,84,84,2003,1,3,South,4,77,Stanford,San Diego,69,13
38,85,85,2003,1,3,South,5,58,Connecticut,BYU,53,12
39,89,89,2003,1,4,East,1,71,Oklahoma,South Carolina St,54,16
40,90,90,2003,1,4,East,2,76,Wake Forest,East Tennessee St,73,15
41,91,91,2003,1,4,East,3,76,Syracuse,Manhattan,65,14
42,92,92,2003,1,4,East,4,86,Louisville,Austin Peay,64,13
43,97,97,2003,2,1,Midwest,1,74,Kentucky,Utah,54,9
44,100,100,2003,2,1,Midwest,5,61,Wisconsin,Tulsa,60,13
45,101,101,2003,2,2,West,1,96,Arizona,Gonzaga,95,9
46,102,102,2003,2,2,West,2,108,Kansas,Arizona St,76,10
47,103,103,2003,2,2,West,3,86,Duke,Central Michigan,60,11
48,105,105,2003,2,3,South,1,77,Texas,Purdue,67,9
49,109,109,2003,2,4,East,1,74,Oklahoma,California,65,8
50,119,119,2003,3,4,East,1,65,Oklahoma,Butler,54,12
51,120,120,2003,3,4,East,3,79,Syracuse,Auburn,78,10
52,129,129,2004,1,1,Midwest,1,96,Kentucky,Florida A&M,76,16
53,130,130,2004,1,1,Midwest,2,76,Gonzaga,Valparaiso,49,15
54,131,131,2004,1,1,Midwest,3,65,Georgia Tech,Northern Iowa,60,14
55,132,132,2004,1,1,Midwest,4,78,Kansas,Illinois Chicago,53,13
56,137,137,2004,1,2,East,1,82,St Josephs,Liberty,63,16
57,138,138,2004,1,2,East,2,75,Oklahoma St,Eastern Washington,56,15
58,139,139,2004,1,2,East,3,53,Pittsburgh,Central Florida,44,14
59,140,140,2004,1,2,East,4,79,Wake Forest,VCU,78,13
60,145,145,2004,1,3,South,1,96,Duke,Alabama St,61,16
61,146,146,2004,1,3,South,2,85,Mississippi St,Monmouth,52,15
62,147,147,2004,1,3,South,3,66,Texas,Princeton,49,14
63,148,148,2004,1,3,South,4,80,Cincinnati,East Tennessee St,77,13
64,149,149,2004,1,3,South,5,72,Illinois,Murray St,53,12
65,153,153,2004,1,4,West,1,71,Stanford,Texas San Antonio,45,16
66,154,154,2004,1,4,West,2,70,Connecticut,Vermont,53,15
67,155,155,2004,1,4,West,3,61,NC State,Louisiana Lafayette,52,14
68,156,156,2004,1,4,West,4,86,Maryland,UTEP,83,13
69,157,157,2004,1,4,West,5,80,Syracuse,BYU,75,12
70,164,164,2004,2,1,Midwest,4,78,Kansas,Pacific,63,12
71,165,165,2004,2,2,East,1,70,St Josephs,Texas Tech,65,8
72,168,168,2004,2,2,East,4,84,Wake Forest,Manhattan,80,12
73,169,169,2004,2,3,South,1,90,Duke,Seton Hall,62,8
74,178,178,2004,3,1,Midwest,3,72,Georgia Tech,Nevada,67,10
75,193,193,2005,1,1,Midwest,1,67,Illinois,Fairleigh Dickinson,55,16
76,194,194,2005,1,1,Midwest,2,63,Oklahoma St,Southeastern Louisiana,50,15
77,195,195,2005,1,1,Midwest,3,66,Arizona,Utah St,53,14
78,196,196,2005,1,1,Midwest,4,85,Boston College,Pennsylvania,65,13
79,201,201,2005,1,2,West,1,88,Washington,Montana,77,16
80,202,202,2005,1,2,West,2,70,Wake Forest,Chattanooga,54,15
81,203,203,2005,1,2,West,3,74,Gonzaga,Winthrop,64,14
82,204,204,2005,1,2,West,4,68,Louisville,Louisiana Lafayette,62,13
83,205,205,2005,1,2,West,5,80,Georgia Tech,George Washington,68,12
84,209,209,2005,1,3,East,1,96,North Carolina,Oakland,68,16
85,210,210,2005,1,3,East,2,77,Connecticut,Central Florida,71,15
86,212,212,2005,1,3,East,4,67,Florida,Ohio,62,13
87,213,213,2005,1,3,East,5,55,Villanova,New Mexico,47,12
88,217,217,2005,1,4,South,1,63,Duke,Delaware St,46,16
89,218,218,2005,1,4,South,2,72,Kentucky,Eastern Kentucky,64,15
90,219,219,2005,1,4,South,3,84,Oklahoma,Niagara,67,14
91,221,221,2005,1,4,South,5,89,Michigan St,Old Dominion,81,12
92,225,225,2005,2,1,Midwest,1,71,Illinois,Nevada,59,9
93,227,227,2005,2,1,Midwest,3,85,Arizona,UAB,63,11
94,229,229,2005,2,2,West,1,97,Washington,Pacific,79,8
95,233,233,2005,2,3,East,1,92,North Carolina,Iowa St,65,9
96,235,235,2005,2,3,East,6,71,Wisconsin,Bucknell,62,14
97,237,237,2005,2,4,South,1,63,Duke,Mississippi St,55,9
98,240,240,2005,2,4,South,5,72,Michigan St,Vermont,61,13
99,241,241,2005,3,1,Midwest,1,77,Illinois,Wisconsin Milwaukee,63,12
100,257,257,2006,1,1,South,1,70,Duke,Southern,54,16
101,258,258,2006,1,1,South,2,60,Texas,Pennsylvania,52,15
102,260,260,2006,1,1,South,4,80,LSU,Iona,64,13
103,265,265,2006,1,2,West,1,94,Memphis,Oral Roberts,78,16
104,266,266,2006,1,2,West,2,78,UCLA,Belmont,44,15
105,267,267,2006,1,2,West,3,79,Gonzaga,Xavier,75,14
106,269,269,2006,1,2,West,5,79,Pittsburgh,Kent St,64,12
107,273,273,2006,1,3,East,1,72,Connecticut,Albany,59,16
108,274,274,2006,1,3,East,2,63,Tennessee,Winthrop,61,15
109,275,275,2006,1,3,East,3,69,North Carolina,Murray St,65,14
110,276,276,2006,1,3,East,4,78,Illinois,Air Force,69,13
111,277,277,2006,1,3,East,5,75,Washington,Utah St,61,12
112,281,281,2006,1,4,Midwest,1,58,Villanova,Monmouth,45,16
113,282,282,2006,1,4,Midwest,2,70,Ohio St,Davidson,62,15
114,283,283,2006,1,4,Midwest,3,76,Florida,South Alabama,50,14
115,284,284,2006,1,4,Midwest,4,88,Boston College,Pacific,76,13
116,289,289,2006,2,1,South,1,74,Duke,George Washington,61,8
117,290,290,2006,2,1,South,2,75,Texas,NC State,54,10
118,291,291,2006,2,1,South,6,67,West Virginia,Northwestern St,54,14
119,292,292,2006,2,1,South,4,58,LSU,Texas A&M,57,12
120,293,293,2006,2,2,West,1,72,Memphis,Bucknell,56,9
121,294,294,2006,2,2,West,2,62,UCLA,Alabama,59,10
122,297,297,2006,2,3,East,1,87,Connecticut,Kentucky,83,8
123,301,301,2006,2,4,Midwest,1,82,Villanova,Arizona,78,8
124,303,303,2006,2,4,Midwest,3,82,Florida,Wisconsin Milwaukee,60,11
125,304,304,2006,2,4,Midwest,4,69,Boston College,Montana,56,12
126,307,307,2006,3,2,West,1,80,Memphis,Bradley,64,13
127,318,318,2006,5,2,Final Four,3,73,Florida,George Mason,58,11
128,321,321,2007,1,1,Midwest,1,112,Florida,Jackson St,69,16
129,322,322,2007,1,1,Midwest,2,76,Wisconsin,Texas A&M Corpus Christi,63,15
130,323,323,2007,1,1,Midwest,3,58,Oregon,Miami Ohio,56,14
131,324,324,2007,1,1,Midwest,4,82,Maryland,Davidson,70,13
132,325,325,2007,1,1,Midwest,5,57,Butler,Old Dominion,46,12
133,329,329,2007,1,2,West,1,107,Kansas,Niagara,67,16
134,330,330,2007,1,2,West,2,70,UCLA,Weber St,42,15
135,331,331,2007,1,2,West,3,79,Pittsburgh,Wright St,58,14
136,332,332,2007,1,2,West,4,61,Southern Illinois,Holy Cross,51,13
137,333,333,2007,1,2,West,5,54,Virginia Tech,Illinois,52,12
138,337,337,2007,1,3,East,1,85,North Carolina,Eastern Kentucky,65,16
139,338,338,2007,1,3,East,2,80,Georgetown,Belmont,55,15
140,339,339,2007,1,3,East,3,70,Washington St,Oral Roberts,54,14
141,340,340,2007,1,3,East,4,79,Texas,New Mexico St,67,13
142,341,341,2007,1,3,East,5,77,USC,Arkansas,60,12
143,345,345,2007,1,4,South,1,78,Ohio St,Central Connecticut St,57,16
144,346,346,2007,1,4,South,2,73,Memphis,North Texas,58,15
145,347,347,2007,1,4,South,3,68,Texas A&M,Pennsylvania,52,14
146,348,348,2007,1,4,South,4,84,Virginia,Albany,57,13
147,349,349,2007,1,4,South,5,121,Tennessee,Long Beach St,86,12
148,353,353,2007,2,1,Midwest,1,74,Florida,Purdue,67,9
149,355,355,2007,2,1,Midwest,3,75,Oregon,Winthrop,61,11
150,357,357,2007,2,2,West,1,88,Kansas,Kentucky,76,8
151,359,359,2007,2,2,West,3,84,Pittsburgh,VCU,79,11
152,361,361,2007,2,3,East,1,81,North Carolina,Michigan St,67,9
153,365,365,2007,2,4,South,1,78,Ohio St,Xavier,71,9
154,385,385,2008,1,1,East,1,113,North Carolina,Mount St Marys,74,16
155,386,386,2008,1,1,East,2,72,Tennessee,American,57,15
156,387,387,2008,1,1,East,3,79,Louisville,Boise St,61,14
157,388,388,2008,1,1,East,4,71,Washington St,Winthrop,40,13
158,389,389,2008,1,1,East,5,68,Notre Dame,George Mason,50,12
159,393,393,2008,1,2,Midwest,1,85,Kansas,Portland St,61,16
160,394,394,2008,1,2,Midwest,2,66,Georgetown,UMBC,47,15
161,395,395,2008,1,2,Midwest,3,71,Wisconsin,Cal St Fullerton,56,14
162,401,401,2008,1,3,South,1,87,Memphis,Texas Arlington,63,16
163,402,402,2008,1,3,South,2,74,Texas,Austin Peay,54,15
164,403,403,2008,1,3,South,3,77,Stanford,Cornell,53,14
165,404,404,2008,1,3,South,4,82,Pittsburgh,Oral Roberts,63,13
166,405,405,2008,1,3,South,5,72,Michigan St,Temple,61,12
167,409,409,2008,1,4,West,1,70,UCLA,Mississippi Valley St,29,16
168,410,410,2008,1,4,West,2,71,Duke,Belmont,70,15
169,411,411,2008,1,4,West,3,73,Xavier,Georgia,61,14
170,417,417,2008,2,1,East,1,108,North Carolina,Arkansas,77,9
171,421,421,2008,2,2,Midwest,1,75,Kansas,UNLV,56,8
172,423,423,2008,2,2,Midwest,3,72,Wisconsin,Kansas St,55,11
173,425,425,2008,2,3,South,1,77,Memphis,Mississippi St,74,8
174,429,429,2008,2,4,West,1,51,UCLA,Texas A&M,49,9
175,435,435,2008,3,2,Midwest,1,72,Kansas,Villanova,57,12
176,439,439,2008,3,4,West,1,88,UCLA,Western Kentucky,78,12
177,442,442,2008,4,2,Midwest,1,59,Kansas,Davidson,57,10
178,449,449,2009,1,1,Midwest,1,74,Louisville,Morehead St,54,16
179,450,450,2009,1,1,Midwest,2,77,Michigan St,Robert Morris,62,15
180,451,451,2009,1,1,Midwest,3,84,Kansas,North Dakota St,74,14
181,457,457,2009,1,2,West,1,103,Connecticut,Chattanooga,47,16
182,458,458,2009,1,2,West,2,81,Memphis,Cal St Northridge,70,15
183,459,459,2009,1,2,West,3,78,Missouri,Cornell,59,14
184,460,460,2009,1,2,West,4,71,Washington,Mississippi St,58,13
185,461,461,2009,1,2,West,5,61,Purdue,Northern Iowa,56,12
186,465,465,2009,1,3,East,1,72,Pittsburgh,East Tennessee St,62,16
187,466,466,2009,1,3,East,2,85,Duke,Binghamton,62,15
188,467,467,2009,1,3,East,3,80,Villanova,American,67,14
189,468,468,2009,1,3,East,4,77,Xavier,Portland St,59,13
190,473,473,2009,1,4,South,1,101,North Carolina,Radford,58,16
191,474,474,2009,1,4,South,2,82,Oklahoma,Morgan St,54,15
192,475,475,2009,1,4,South,3,59,Syracuse,Stephen F Austin,44,14
193,476,476,2009,1,4,South,4,77,Gonzaga,Akron,64,13
194,481,481,2009,2,1,Midwest,1,79,Louisville,Siena,72,9
195,482,482,2009,2,1,Midwest,2,74,Michigan St,USC,69,10
196,483,483,2009,2,1,Midwest,3,60,Kansas,Dayton,43,11
197,485,485,2009,2,2,West,1,92,Connecticut,Texas A&M,66,9
198,486,486,2009,2,2,West,2,89,Memphis,Maryland,70,10
199,489,489,2009,2,3,East,1,84,Pittsburgh,Oklahoma St,76,8
200,492,492,2009,2,3,East,4,60,Xavier,Wisconsin,49,12
201,493,493,2009,2,4,South,1,84,North Carolina,LSU,70,8
202,494,494,2009,2,4,South,2,73,Oklahoma,Michigan,63,10
203,496,496,2009,2,4,South,4,83,Gonzaga,Western Kentucky,81,12
204,497,497,2009,3,1,Midwest,1,103,Louisville,Arizona,64,12
205,513,513,2010,1,1,Midwest,1,90,Kansas,Lehigh,74,16
206,514,514,2010,1,1,Midwest,2,68,Ohio St,Santa Barbara,51,15
207,516,516,2010,1,1,Midwest,4,89,Maryland,Houston,77,13
208,517,517,2010,1,1,Midwest,5,70,Michigan St,New Mexico St,67,12
209,521,521,2010,1,2,West,1,79,Syracuse,Vermont,56,16
210,522,522,2010,1,2,West,2,82,Kansas St,North Texas,62,15
211,523,523,2010,1,2,West,3,89,Pittsburgh,Oakland,66,14
212,525,525,2010,1,2,West,5,77,Butler,UTEP,59,12
213,529,529,2010,1,3,East,1,100,Kentucky,East Tennessee St,71,16
214,530,530,2010,1,3,East,2,77,West Virginia,Morgan St,50,15
215,531,531,2010,1,3,East,3,62,New Mexico,Montana,57,14
216,532,532,2010,1,3,East,4,53,Wisconsin,Wofford,49,13
217,537,537,2010,1,4,South,1,73,Duke,Arkansas Pine Bluff,44,16
218,538,538,2010,1,4,South,2,73,Villanova,Robert Morris,70,15
219,539,539,2010,1,4,South,3,68,Baylor,Sam Houston St,59,14
220,540,540,2010,1,4,South,4,72,Purdue,Siena,64,13
221,541,541,2010,1,4,South,5,69,Texas A&M,Utah St,53,12
222,546,546,2010,2,1,Midwest,2,75,Ohio St,Georgia Tech,66,10
223,547,547,2010,2,1,Midwest,6,83,Tennessee,Ohio,68,14
224,549,549,2010,2,2,West,1,87,Syracuse,Gonzaga,65,8
225,552,552,2010,2,2,West,5,54,Butler,Murray St,52,13
226,553,553,2010,2,3,East,1,90,Kentucky,Wake Forest,60,9
227,554,554,2010,2,3,East,2,68,West Virginia,Missouri,59,10
228,557,557,2010,2,4,South,1,68,Duke,California,53,8
229,559,559,2010,2,4,South,3,76,Baylor,Old Dominion,68,11
230,565,565,2010,3,3,East,1,62,Kentucky,Cornell,45,12
231,566,566,2010,3,3,East,2,69,West Virginia,Washington,56,11
232,568,568,2010,3,4,South,3,72,Baylor,St Marys,49,10
233,580,580,2011,1,1,East,1,75,Ohio St,Texas San Antonio,46,16
234,581,581,2011,1,1,East,2,102,North Carolina,Long Island Brooklyn,87,15
235,582,582,2011,1,1,East,3,77,Syracuse,Indiana St,60,14
236,583,583,2011,1,1,East,4,59,Kentucky,Princeton,57,13
237,584,584,2011,1,1,East,5,84,West Virginia,Clemson,78,12
238,588,588,2011,1,2,West,1,87,Duke,Hampton,45,16
239,589,589,2011,1,2,West,2,68,San Diego St,Northern Colorado,50,15
240,590,590,2011,1,2,West,3,81,Connecticut,Bucknell,52,14
241,591,591,2011,1,2,West,4,85,Texas,Oakland,81,13
242,592,592,2011,1,2,West,5,77,Arizona,Memphis,75,12
243,596,596,2011,1,3,Southwest,1,72,Kansas,Boston University,53,16
244,597,597,2011,1,3,Southwest,2,69,Notre Dame,Akron,56,15
245,598,598,2011,1,3,Southwest,3,65,Purdue,St Peters,43,14
246,604,604,2011,1,4,Southeast,1,74,Pittsburgh,UNC Asheville,51,16
247,605,605,2011,1,4,Southeast,2,79,Florida,Santa Barbara,51,15
248,606,606,2011,1,4,Southeast,3,74,BYU,Wofford,66,14
249,607,607,2011,1,4,Southeast,4,72,Wisconsin,Belmont,58,13
250,608,608,2011,1,4,Southeast,5,73,Kansas St,Utah St,68,12
251,612,612,2011,2,1,East,1,98,Ohio St,George Mason,66,8
252,616,616,2011,2,2,West,1,73,Duke,Michigan,71,8
253,620,620,2011,2,3,Southwest,1,73,Kansas,Illinois,59,9
254,626,626,2011,2,4,Southeast,3,89,BYU,Gonzaga,67,11
255,629,629,2011,3,1,East,2,81,North Carolina,Marquette,63,11
256,632,632,2011,3,3,Southwest,1,77,Kansas,Richmond,57,12
257,647,647,2012,1,1,South,1,81,Kentucky,Western Kentucky,66,16
258,649,649,2012,1,1,South,3,68,Baylor,South Dakota St,60,14
259,650,650,2012,1,1,South,4,79,Indiana,New Mexico St,66,13
260,655,655,2012,1,2,West,1,89,Michigan St,Long Island Brooklyn,67,16
261,657,657,2012,1,2,West,3,88,Marquette,BYU,68,14
262,658,658,2012,1,2,West,4,69,Louisville,Davidson,62,13
263,659,659,2012,1,2,West,5,75,New Mexico,Long Beach St,68,12
264,663,663,2012,1,3,East,1,72,Syracuse,UNC Asheville,65,16
265,664,664,2012,1,3,East,2,78,Ohio St,Loyola Maryland,59,15
266,665,665,2012,1,3,East,3,86,Florida St,St Bonaventure,63,14
267,666,666,2012,1,3,East,4,73,Wisconsin,Montana,49,13
268,667,667,2012,1,3,East,5,79,Vanderbilt,Harvard,70,12
269,671,671,2012,1,4,Midwest,1,77,North Carolina,Vermont,58,16
270,672,672,2012,1,4,Midwest,2,65,Kansas,Detroit,50,15
271,673,673,2012,1,4,Midwest,3,74,Georgetown,Belmont,59,14
272,679,679,2012,2,1,South,1,87,Kentucky,Iowa St,71,8
273,681,681,2012,2,1,South,3,80,Baylor,Colorado,63,11
274,682,682,2012,2,1,South,4,63,Indiana,VCU,61,12
275,683,683,2012,2,2,West,1,65,Michigan St,St Louis,61,9
276,684,684,2012,2,2,West,7,84,Florida,Norfolk St,50,15
277,687,687,2012,2,3,East,1,75,Syracuse,Kansas St,59,8
278,691,691,2012,2,4,Midwest,1,87,North Carolina,Creighton,73,8
279,692,692,2012,2,4,Midwest,2,63,Kansas,Purdue,60,10
280,696,696,2012,3,1,South,3,75,Baylor,Xavier,70,10
281,701,701,2012,3,4,Midwest,1,73,North Carolina,Ohio,65,13
282,702,702,2012,3,4,Midwest,2,60,Kansas,NC State,57,11
283,714,714,2013,1,1,Midwest,1,79,Louisville,North Carolina A&T,48,16
284,715,715,2013,1,1,Midwest,2,73,Duke,Albany,61,15
285,716,716,2013,1,1,Midwest,3,65,Michigan St,Valparaiso,54,14
286,717,717,2013,1,1,Midwest,4,64,St Louis,New Mexico St,44,13
287,722,722,2013,1,2,West,1,64,Gonzaga,Southern,58,16
288,723,723,2013,1,2,West,2,95,Ohio St,Iona,70,15
289,730,730,2013,1,3,South,1,64,Kansas,Western Kentucky,57,16
290,732,732,2013,1,3,South,3,79,Florida,Northwestern St,47,14
291,733,733,2013,1,3,South,4,71,Michigan,South Dakota St,56,13
292,734,734,2013,1,3,South,5,88,VCU,Akron,42,12
293,738,738,2013,1,4,East,1,83,Indiana,James Madison,62,16
294,739,739,2013,1,4,East,2,78,Miami,Pacific,49,15
295,740,740,2013,1,4,East,3,59,Marquette,Davidson,58,14
296,741,741,2013,1,4,East,4,81,Syracuse,Montana,34,13
297,746,746,2013,2,1,Midwest,1,82,Louisville,Colorado St,56,8
298,751,751,2013,2,2,West,2,78,Ohio St,Iowa St,75,10
299,752,752,2013,2,2,West,6,74,Arizona,Harvard,51,14
300,754,754,2013,2,3,South,1,70,Kansas,North Carolina,58,8
301,756,756,2013,2,3,South,3,78,Florida,Minnesota,64,11
302,758,758,2013,2,4,East,1,58,Indiana,Temple,52,9
303,761,761,2013,2,4,East,4,66,Syracuse,California,60,12
304,762,762,2013,3,1,Midwest,1,77,Louisville,Oregon,69,12
305,767,767,2013,3,3,South,3,62,Florida,Florida Gulf Coast,50,15
306,774,774,2013,5,1,Final Four,1,72,Louisville,Wichita St,68,9
307,781,781,2014,1,1,South,1,67,Florida,Albany,55,16
308,782,782,2014,1,1,South,2,80,Kansas,Eastern Kentucky,69,15
309,783,783,2014,1,1,South,3,77,Syracuse,Western Michigan,53,14
310,784,784,2014,1,1,South,4,76,UCLA,Tulsa,59,13
311,789,789,2014,1,2,East,1,70,Virginia,Coastal Carolina,59,16
312,790,790,2014,1,2,East,2,73,Villanova,Wisconsin Milwaukee,53,15
313,791,791,2014,1,2,East,3,93,Iowa St,North Carolina Central,75,14
314,792,792,2014,1,2,East,4,93,Michigan St,Delaware,78,13
315,797,797,2014,1,3,West,1,88,Arizona,Weber St,59,16
316,798,798,2014,1,3,West,2,75,Wisconsin,American,35,15
317,799,799,2014,1,3,West,3,76,Creighton,Louisiana Lafayette,66,14
318,800,800,2014,1,3,West,4,73,San Diego St,New Mexico St,69,13
319,805,805,2014,1,4,Midwest,1,64,Wichita St,Cal Poly,37,16
320,806,806,2014,1,4,Midwest,2,57,Michigan,Wofford,40,15
321,808,808,2014,1,4,Midwest,4,71,Louisville,Manhattan,64,13
322,809,809,2014,1,4,Midwest,5,83,St Louis,NC State,80,12
323,813,813,2014,2,1,South,1,61,Florida,Pittsburgh,45,9
324,816,816,2014,2,1,South,4,77,UCLA,Stephen F Austin,60,12
325,817,817,2014,2,2,East,1,78,Virginia,Memphis,60,8
326,820,820,2014,2,2,East,4,80,Michigan St,Harvard,73,12
327,821,821,2014,2,3,West,1,84,Arizona,Gonzaga,81,8
328,824,824,2014,2,3,West,4,63,San Diego St,North Dakota St,44,12
329,836,836,2014,3,4,Midwest,2,73,Michigan,Tennessee,71,11
330,837,837,2014,4,1,South,1,62,Florida,Dayton,52,11
331,848,848,2015,1,1,Midwest,1,79,Kentucky,Hampton,56,16
332,849,849,2015,1,1,Midwest,2,75,Kansas,New Mexico St,56,15
333,850,850,2015,1,1,Midwest,3,69,Notre Dame,Northeastern,65,14
334,851,851,2015,1,1,Midwest,4,65,Maryland,Valparaiso,62,13
335,852,852,2015,1,1,Midwest,5,68,West Virginia,Buffalo,62,12
336,856,856,2015,1,2,West,1,86,Wisconsin,Coastal Carolina,72,16
337,857,857,2015,1,2,West,2,93,Arizona,Texas Southern,72,15
338,859,859,2015,1,2,West,4,67,North Carolina,Harvard,65,13
339,860,860,2015,1,2,West,5,56,Arkansas,Wofford,53,12
340,864,864,2015,1,3,East,1,93,Villanova,Louisiana Lafayette,52,16
341,865,865,2015,1,3,East,2,79,Virginia,Belmont,67,15
342,866,866,2015,1,3,East,3,69,Oklahoma,Albany,60,14
343,867,867,2015,1,3,East,4,57,Louisville,Cal Irvine,55,13
344,868,868,2015,1,3,East,5,71,Northern Iowa,Wyoming,54,12
345,872,872,2015,1,4,South,1,85,Duke,Robert Morris,56,16
346,873,873,2015,1,4,South,2,86,Gonzaga,North Dakota St,76,15
347,875,875,2015,1,4,South,4,84,Georgetown,Eastern Washington,74,13
348,876,876,2015,1,4,South,5,57,Utah,Stephen F Austin,50,12
349,880,880,2015,2,1,Midwest,1,64,Kentucky,Cincinnati,51,8
350,884,884,2015,2,2,West,1,72,Wisconsin,Oregon,65,8
351,885,885,2015,2,2,West,2,73,Arizona,Ohio St,58,10
352,886,886,2015,2,2,West,6,75,Xavier,Georgia St,67,14
353,890,890,2015,2,3,East,3,72,Oklahoma,Dayton,66,11
354,892,892,2015,2,4,South,1,68,Duke,San Diego St,49,8
355,903,903,2015,3,4,South,2,74,Gonzaga,UCLA,62,11
356,915,915,2016,1,1,South,1,105,Kansas,Austin Peay,79,16
357,916,916,2016,1,1,South,2,86,Villanova,UNC Asheville,56,15
358,917,917,2016,1,1,South,3,79,Miami,Buffalo,72,14
359,919,919,2016,1,1,South,5,79,Maryland,South Dakota St,74,12
360,923,923,2016,1,2,West,1,91,Oregon,Holy Cross,52,16
361,924,924,2016,1,2,West,2,82,Oklahoma,Cal St Bakersfield,68,15
362,925,925,2016,1,2,West,3,92,Texas A&M,Wisconsin Green Bay,65,14
363,926,926,2016,1,2,West,4,93,Duke,UNC Wilmington,85,13
364,931,931,2016,1,3,East,1,83,North Carolina,Florida Gulf Coast,67,16
365,932,932,2016,1,3,East,2,71,Xavier,Weber St,53,15
366,934,934,2016,1,3,East,4,85,Kentucky,Stony Brook,57,13
367,935,935,2016,1,3,East,5,99,Indiana,Chattanooga,74,12
368,939,939,2016,1,4,Midwest,1,81,Virginia,Hampton,45,16
369,941,941,2016,1,4,Midwest,3,80,Utah,Fresno St,69,14
370,942,942,2016,1,4,Midwest,4,94,Iowa St,Iona,81,13
371,947,947,2016,2,1,South,1,73,Kansas,Connecticut,61,9
372,949,949,2016,2,1,South,3,65,Miami,Wichita St,57,11
373,950,950,2016,2,1,South,5,73,Maryland,Hawaii,60,13
374,951,951,2016,2,2,West,1,69,Oregon,St Josephs,64,8
375,952,952,2016,2,2,West,2,85,Oklahoma,VCU,81,10
376,953,953,2016,2,2,West,3,92,Texas A&M,Northern Iowa,88,11
377,954,954,2016,2,2,West,4,71,Duke,Yale,64,12
378,955,955,2016,2,3,East,1,85,North Carolina,Providence,66,9
379,957,957,2016,2,3,East,6,76,Notre Dame,Stephen F Austin,75,14
380,959,959,2016,2,4,Midwest,1,77,Virginia,Butler,69,9
381,962,962,2016,2,4,Midwest,4,78,Iowa St,Arkansas Little Rock,61,12
382,976,976,2016,5,2,Final Four,1,83,North Carolina,Syracuse,66,10
383,982,982,2017,1,1,East,1,76,Villanova,Mount St Marys,56,16
384,983,983,2017,1,1,East,2,87,Duke,Troy,65,15
385,984,984,2017,1,1,East,3,91,Baylor,New Mexico St,73,14
386,985,985,2017,1,1,East,4,80,Florida,East Tennessee St,65,13
387,986,986,2017,1,1,East,5,76,Virginia,UNC Wilmington,71,12
388,990,990,2017,1,2,West,1,66,Gonzaga,South Dakota St,46,16
389,991,991,2017,1,2,West,2,100,Arizona,North Dakota,82,15
390,992,992,2017,1,2,West,3,86,Florida St,Florida Gulf Coast,80,14
391,993,993,2017,1,2,West,4,86,West Virginia,Bucknell,80,13
392,994,994,2017,1,2,West,5,60,Notre Dame,Princeton,58,12
393,998,998,2017,1,3,Midwest,1,100,Kansas,UC Davis,62,16
394,999,999,2017,1,3,Midwest,2,78,Louisville,Jacksonville St,63,15
395,1000,1000,2017,1,3,Midwest,3,93,Oregon,Iona,77,14
396,1001,1001,2017,1,3,Midwest,4,80,Purdue,Vermont,70,13
397,1002,1002,2017,1,3,Midwest,5,84,Iowa St,Nevada,73,12
398,1006,1006,2017,1,4,South,1,103,North Carolina,Texas Southern,64,16
399,1007,1007,2017,1,4,South,2,79,Kentucky,Northern Kentucky,70,15
400,1008,1008,2017,1,4,South,3,97,UCLA,Kent St,80,14
401,1009,1009,2017,1,4,South,4,76,Butler,Winthrop,64,13
402,1016,1016,2017,2,1,East,3,82,Baylor,USC,78,11
403,1018,1018,2017,2,2,West,1,79,Gonzaga,Northwestern,73,8
404,1022,1022,2017,2,3,Midwest,1,90,Kansas,Michigan St,70,9
405,1024,1024,2017,2,3,Midwest,3,75,Oregon,Rhode Island,72,11
406,1026,1026,2017,2,4,South,1,72,North Carolina,Arkansas,65,8
407,1027,1027,2017,2,4,South,2,65,Kentucky,Wichita St,62,10
408,1029,1029,2017,2,4,South,4,74,Butler,Middle Tennessee St,65,12
409,1039,1039,2017,4,2,West,1,83,Gonzaga,Xavier,59,11
410,1050,1050,2018,1,1,South,2,68,Cincinnati,Georgia St,53,15
411,1051,1051,2018,1,1,South,3,73,Tennessee,Wright St,47,14
412,1053,1053,2018,1,1,South,5,78,Kentucky,Davidson,73,12
413,1057,1057,2018,1,2,West,1,102,Xavier,Texas Southern,83,16
414,1058,1058,2018,1,2,West,2,84,North Carolina,Lipscomb,66,15
415,1059,1059,2018,1,2,West,3,61,Michigan,Montana,47,14
416,1060,1060,2018,1,2,West,4,68,Gonzaga,UNC Greensboro,64,13
417,1061,1061,2018,1,2,West,5,81,Ohio St,South Dakota St,73,12
418,1065,1065,2018,1,3,East,1,87,Villanova,Radford,61,16
419,1066,1066,2018,1,3,East,2,74,Purdue,Cal St Fullerton,48,15
420,1067,1067,2018,1,3,East,3,70,Texas Tech,Stephen F Austin,60,14
421,1069,1069,2018,1,3,East,5,85,West Virginia,Murray St,68,12
422,1073,1073,2018,1,4,Midwest,1,76,Kansas,Pennsylvania,60,16
423,1074,1074,2018,1,4,Midwest,2,89,Duke,Iona,67,15
424,1075,1075,2018,1,4,Midwest,3,82,Michigan St,Bucknell,78,14
425,1076,1076,2018,1,4,Midwest,4,62,Auburn,College of Charleston,58,13
426,1077,1077,2018,1,4,Midwest,5,79,Clemson,New Mexico St,68,12
427,1081,1081,2018,2,1,South,9,50,Kansas St,UMBC,43,16
428,1084,1084,2018,2,1,South,5,95,Kentucky,Buffalo,75,13
429,1089,1089,2018,2,3,East,1,81,Villanova,Alabama,58,9
430,1090,1090,2018,2,3,East,2,76,Purdue,Butler,73,10
431,1092,1092,2018,2,3,East,5,94,West Virginia,Marshall,71,13
432,1093,1093,2018,2,4,Midwest,1,83,Kansas,Seton Hall,79,8
433,1104,1104,2018,3,4,Midwest,2,69,Duke,Syracuse,65,11
434,1109,1109,2018,5,1,Final Four,3,69,Michigan,Loyola Chicago,57,11